Pos,mean,max,min,sum
Super 98 1-Penonome,299.78756578947366,993.0,10.17,45567.71
Super 98 2-Central,291.2496296296296,878.7,29.52,23591.22
Super 98 3-Palermo,329.2608280254777,973.7,15.34,51693.95
Super 98 4- Mercado,295.7615966386554,985.1999999999999,13.98,35195.63
Super 98 5- Terminal,306.9145161290323,989.8000000000001,12.09,47571.75
Super 98 6- Canto del Llano,290.1190350877193,955.8,21.32,33073.57
Super 98 7- Guarare,337.41315789473686,886.7,12.78,38465.1
Super 98 9-Vista Real,300.5671794871795,894.8000000000001,19.15,23444.24
