Pos,mean,median,std
Super 98 1-Penonome,299.78756578947366,231.465,232.48215386040243
Super 98 2-Central,291.2496296296296,241.2,228.98062019221433
Super 98 3-Palermo,329.2608280254777,274.84,249.4092938297789
Super 98 4- Mercado,295.7615966386554,241.44,205.89436639992303
Super 98 5- Terminal,306.9145161290323,248.76,239.99885827702875
Super 98 6- Canto del Llano,290.1190350877193,198.05,235.5110012197326
Super 98 7- Guarare,337.41315789473686,278.98,249.07249295629094
Super 98 9-Vista Real,300.5671794871795,258.495,218.0268109504886
